row_id,Make,Model,Year,Distance,Price,Причина проверки,Решение
967,Honda,Accord,1990,1000000.0,2000.0,Большой пробег,Требует проверки
2782,Rare,Altele,1966,37000.0,2800.0,Старый год выпуска,Требует проверки
2868,Rare,Altele,1964,45000.0,2300.0,Старый год выпуска,Требует проверки
2914,Vaz,2106,1990,1000000.0,9000.0,Большой пробег,Требует проверки
2972,BMW,3 Series,1999,999999.0,3300.0,Большой пробег,Требует проверки
3395,Audi,A6,1995,888888.0,1900.0,Большой пробег,Требует проверки
4324,Rare,21,1959,50000.0,720.0,Старый год выпуска,Требует проверки
4631,Mercedes,S Class,2016,357000.0,40000.0,Высокая цена при большом пробеге,Требует проверки
5025,Rare,21,1963,79620.0,2700.0,Старый год выпуска,Требует проверки
5127,Rare,Altele,1967,1111.0,1400.0,Старый год выпуска,Требует проверки
5808,Skoda,Felicia,1998,1000000.0,1200.0,Большой пробег,Требует проверки
6836,Rare,Cayenne,2021,0.0,134260.0,Высокая цена,Требует проверки
7370,Rare,Altele,1966,3000.0,2000.0,Старый год выпуска,Требует проверки
7404,Toyota,Carina,1988,999999.0,700.0,Большой пробег,Требует проверки
8402,Rare,968,1980,999999.0,370.0,Большой пробег,Требует проверки
8855,Rare,21,1963,49613.0,5000.0,Старый год выпуска,Требует проверки
9047,Rare,"M-20 ""Pobeda""",1953,111111.0,3500.0,Старый год выпуска,Требует проверки
9751,Skoda,Superb,2015,150000.0,120000.0,Высокая цена,Требует проверки
10091,Rare,21,1967,222222.0,8700.0,Старый год выпуска,Требует проверки
10859,Mercedes,G Class,2020,9357.0,134900.0,Высокая цена,Требует проверки
11031,Mercedes,Vito,2017,606996.0,21399.0,Большой условный годовой пробег,Требует проверки
11332,Rare,Altele,1967,44155.0,2999.0,Старый год выпуска,Требует проверки
11594,Mercedes,S Class,2016,358121.0,46999.0,Высокая цена при большом пробеге,Требует проверки
11660,Toyota,Land Cruiser Prado,2012,10005.0,200000.0,Высокая цена,Требует проверки
11697,Toyota,Corolla,2005,999999.0,4000.0,Большой пробег,Требует проверки
12371,Audi,A6,2012,100000.0,120000.0,Высокая цена,Требует проверки
13114,Volkswagen,Caddy,2015,158260.0,200000.0,Высокая цена,Требует проверки
13195,Rare,Altele,1955,25000.0,10000.0,Старый год выпуска,Требует проверки
13609,Volkswagen,Sharan,2002,455000.0,75000.0,Высокая цена при большом пробеге,Требует проверки
13790,Volkswagen,Polo,2021,280000.0,1900.0,Большой условный годовой пробег,Требует проверки
13803,Rare,Cayenne,2020,3800.0,169900.0,Высокая цена,Требует проверки
14104,Rare,Altele,1966,120000.0,12000.0,Старый год выпуска,Требует проверки
14205,Volkswagen,Golf,2015,1000000.0,12000.0,Большой пробег; Большой условный годовой пробег,Требует проверки
14305,Opel,Zafira,2013,1000000.0,9000.0,Большой пробег; Большой условный годовой пробег,Требует проверки
14441,Rare,Alhambra,2005,888888.0,6500.0,Большой пробег,Требует проверки
14784,Rare,21,1969,43600.0,3000.0,Старый год выпуска,Требует проверки
15110,Rare,Altele,1963,15000.0,2000.0,Старый год выпуска,Требует проверки
15345,Chevrolet,Aveo,2009,886868.0,6700.0,Большой пробег,Требует проверки
15579,Mercedes,M Class,2010,120000.0,120000.0,Высокая цена,Требует проверки
15705,KIA,Sportage,2018,46000.0,490000.0,Высокая цена,Требует проверки
15824,Mercedes,Vito,2000,350000.0,43000.0,Высокая цена при большом пробеге,Требует проверки
15951,Volkswagen,Jetta,1989,860000.0,600.0,Большой пробег,Требует проверки
16100,Volvo,S60,2001,999999.0,4350.0,Большой пробег,Требует проверки
16996,Audi,100,1988,987456.0,1300.0,Большой пробег,Требует проверки
17197,BMW,3 Series,1993,999999.0,1200.0,Большой пробег,Требует проверки
17334,Rare,408,1965,95000.0,10999.0,Старый год выпуска,Требует проверки
17445,Rare,21,1962,3882.0,1500.0,Старый год выпуска,Требует проверки
18278,Volvo,S90,2017,407000.0,21490.0,Большой условный годовой пробег,Требует проверки
18949,Rare,Altele,1958,10000.0,5000.0,Старый год выпуска,Требует проверки
19074,Audi,100,1990,1000000.0,1150.0,Большой пробег,Требует проверки
19086,Nissan,Almera Tino,2001,456000.0,58000.0,Высокая цена при большом пробеге,Требует проверки
19597,Rare,968,1967,47000.0,1000.0,Старый год выпуска,Требует проверки
19621,Rare,Alt model,2021,200000.0,10000.0,Большой условный годовой пробег,Требует проверки
19650,Opel,Vectra,1995,888888.0,1400.0,Большой пробег,Требует проверки
20103,Chevrolet,Lacetti,2006,317829.0,41507.0,Высокая цена при большом пробеге,Требует проверки
20695,Mercedes,S Class,2021,314.0,176000.0,Высокая цена,Требует проверки
21474,Volkswagen,Jetta,2001,900000.0,2300.0,Большой пробег,Требует проверки
21790,BMW,3 Series,2007,890000.0,4900.0,Большой пробег,Требует проверки
21971,Dacia,Logan,2008,800000.0,2300.0,Большой пробег,Требует проверки
22638,Rare,1102 Tavria,1990,981000.0,400.0,Большой пробег,Требует проверки
22905,Volkswagen,Golf,1993,999999.0,1350.0,Большой пробег,Требует проверки
22926,Rare,600 Series,1988,880000.0,13000.0,Большой пробег,Требует проверки
23130,Rare,Altele,2016,20000.0,179999.0,Высокая цена,Требует проверки
23405,Volkswagen,Golf,1993,998880.0,1600.0,Большой пробег,Требует проверки
23609,Vaz,2108,1991,1000000.0,950.0,Большой пробег,Требует проверки
23704,Mercedes,B Class,2016,857206.0,5142.0,Большой пробег; Большой условный годовой пробег,Требует проверки
24082,Rare,Altele,1960,100000.0,1500.0,Старый год выпуска,Требует проверки
24436,Rare,21,1968,34000.0,1300.0,Старый год выпуска,Требует проверки
24595,Renault,Fluence,2011,888779.0,3600.0,Большой пробег; Большой условный годовой пробег,Требует проверки
24792,Honda,CR-V,2015,816864.0,7123.0,Большой пробег; Большой условный годовой пробег,Требует проверки
24795,BMW,5 Series,2001,404500.0,100000.0,Высокая цена при большом пробеге,Требует проверки
24879,Toyota,Camry,2016,662225.0,4896.0,Большой условный годовой пробег,Требует проверки
24917,Volvo,XC90,2005,160000.0,170000.0,Высокая цена,Требует проверки
25198,Mercedes,G Class,2020,3000.0,215000.0,Высокая цена,Требует проверки
25271,Rare,21,1969,22222.0,500.0,Старый год выпуска,Требует проверки
25633,Rare,21,1961,2599.0,12000.0,Старый год выпуска,Требует проверки
25821,Vaz,2108,1993,980000.0,10000.0,Большой пробег,Требует проверки
25982,Volkswagen,Altele,2000,1000000.0,1000.0,Большой пробег,Требует проверки
26024,Rare,21,1967,200000.0,900.0,Старый год выпуска,Требует проверки
26194,Volkswagen,Vento,1993,888888.0,1400.0,Большой пробег,Требует проверки
26336,Audi,A6,1996,384000.0,40000.0,Высокая цена при большом пробеге,Требует проверки
26436,Rare,21,1962,100000.0,3900.0,Старый год выпуска,Требует проверки
26626,Rare,21,1962,10000.0,1800.0,Старый год выпуска,Требует проверки
26770,Volkswagen,Transporter,1992,999999.0,3000.0,Большой пробег,Требует проверки
27158,Rare,2410,1967,22222.0,800.0,Старый год выпуска,Требует проверки
27296,Skoda,Superb,2014,648884.0,8900.0,Большой условный годовой пробег,Требует проверки
27704,Audi,80,1984,800000.0,1000.0,Большой пробег,Требует проверки
27930,Rare,Altele,1955,1234.0,1350.0,Старый год выпуска,Требует проверки
28110,Mercedes,G Class,2021,0.0,151450.0,Высокая цена,Требует проверки
28376,Rare,469,1966,30000.0,1000.0,Старый год выпуска,Требует проверки
28527,Mercedes,C Class,2007,884884.0,5600.0,Большой пробег,Требует проверки
29080,Volkswagen,Vento,1992,1000000.0,12000.0,Большой пробег,Требует проверки
29107,Rare,Altele,2009,120000.0,120000.0,Высокая цена,Требует проверки
29125,Rare,21,1964,142197.0,600.0,Старый год выпуска,Требует проверки
29205,Vaz,2106,1991,800000.0,1150.0,Большой пробег,Требует проверки
29254,BMW,5 Series,1994,1000000.0,1200.0,Большой пробег,Требует проверки
29378,Ford,Sierra,1991,999999.0,700.0,Большой пробег,Требует проверки
29707,Volkswagen,Golf,1992,1000000.0,1850.0,Большой пробег,Требует проверки
29897,Rare,400 Series,1996,927350.0,1500.0,Большой пробег,Требует проверки
29995,Rare,"M-20 ""Pobeda""",1954,250000.0,750.0,Старый год выпуска,Требует проверки
30297,Mercedes,Series (W124),1988,999999.0,2000.0,Большой пробег,Требует проверки
30544,BMW,7 Series,1997,824870.0,3000.0,Большой пробег,Требует проверки
30773,Rare,21,1964,6000.0,1300.0,Старый год выпуска,Требует проверки
31016,KIA,Clarus,1998,350000.0,100000.0,Высокая цена при большом пробеге,Требует проверки
31119,Volkswagen,Golf,1995,903560.0,1400.0,Большой пробег,Требует проверки
