Make,n,known_price,mean_price,median_price,q1,q3
Audi,1536,1536,12791.282552083334,9299.5,3500.0,17500.0
BMW,2561,2561,14005.245997657164,9400.0,4500.0,18999.0
Chevrolet,322,322,7142.590062111802,5650.0,3150.0,9637.5
Dacia,1349,1349,5434.575240919199,4999.0,3200.0,7150.0
Ford,1331,1331,8128.706235912848,7500.0,3650.0,11799.5
Honda,893,893,9285.007838745802,7800.0,4200.0,13900.0
Hyundai,1197,1197,11809.161236424394,10499.0,4800.0,16500.0
KIA,650,650,12338.304615384615,9400.0,4700.0,16699.0
Lexus,585,585,18517.707692307693,15900.0,10300.0,24000.0
Mazda,441,441,5247.50566893424,3300.0,1600.0,6200.0
Mercedes,3002,3002,13491.040972684877,8900.0,4299.0,17500.0
Mitsubishi,610,610,7580.008196721312,5799.0,2662.25,11875.0
Nissan,1246,1246,8053.658908507223,7925.0,3600.0,11650.0
Opel,1837,1837,4175.738160043549,3650.0,1900.0,5600.0
Peugeot,384,384,4728.690104166667,3200.0,2200.0,5412.5
Rare,2594,2594,10828.207787201234,5100.0,2600.0,12350.0
Renault,2334,2334,6649.190231362468,6199.0,3500.0,8499.0
Skoda,1702,1702,8920.943008225617,6999.0,4950.0,10786.75
Toyota,3024,3024,9696.309193121693,7754.0,5500.0,11500.0
Vaz,491,491,3650.195519348269,1500.0,950.0,3550.0
Volkswagen,3403,3403,6923.44637084925,5900.0,3200.0,8900.0
Volvo,574,574,15549.217770034844,13800.0,7199.25,19900.0
